Start Time,Duration,Run ID,Name,Source Type,Source Name,User,Status,test_mse,test_r2
2023-09-11 22:10:50,4.5min,b61bf4a460ce42a6bc06786becb11cdc,method-sto-lr-0.01-reg-Normal,LOCAL,/Users/shafisourov/anaconda3/envs/Computer-programming/lib/python3.11/site-packages/ipykernel_launcher.py,chaky,FINISHED,0.15244639029930665,0.7662385947550765
2023-09-11 23:36:54,4.8min,0afa86835837490195465ea53c1e0aba,method-sto-lr-0.001-reg-Normal,LOCAL,/Users/shafisourov/anaconda3/envs/Computer-programming/lib/python3.11/site-packages/ipykernel_launcher.py,chaky,FINISHED,0.13870882535633255,0.7589047939394724
2023-09-11 23:41:43,3.9min,97d1809df24b42bcad6f2de53ace21b6,method-sto-lr-0.0001-reg-Normal,LOCAL,/Users/shafisourov/anaconda3/envs/Computer-programming/lib/python3.11/site-packages/ipykernel_launcher.py,chaky,FINISHED,0.13856633828680825,0.7557367336789058
2023-09-11 23:59:39,2.7min,6f075d968e7042dbba5fe03d0c95dd71,method-mini-lr-0.01-reg-Normal,LOCAL,/Users/shafisourov/anaconda3/envs/Computer-programming/lib/python3.11/site-packages/ipykernel_launcher.py,chaky,FINISHED,0.13842009892383375,0.7554764515194528
2023-09-11 22:15:18,5.3min,ea09207ec863459987b781fc1f7df6fb,method-sto-lr-0.001-reg-Normal,LOCAL,/Users/shafisourov/anaconda3/envs/Computer-programming/lib/python3.11/site-packages/ipykernel_launcher.py,chaky,FINISHED,0.13873331611466447,0.7539720965051242
2023-09-11 22:20:33,3.3min,be63a1b508654aaba22f216fa347c7de,method-sto-lr-0.0001-reg-Normal,LOCAL,/Users/shafisourov/anaconda3/envs/Computer-programming/lib/python3.11/site-packages/ipykernel_launcher.py,chaky,FINISHED,0.13901122144650677,0.7536111484777612
2023-09-11 23:45:38,5.6min,0920116ca4c947779caa7a5e09b9c546,method-sto-lr-0.01-reg-Normal,LOCAL,/Users/shafisourov/anaconda3/envs/Computer-programming/lib/python3.11/site-packages/ipykernel_launcher.py,chaky,FINISHED,0.14118259957112322,0.75320814492323
2023-09-11 23:51:16,2.8min,916c06f5cf3942b683aa27f61fa94bc6,method-sto-lr-0.001-reg-Normal,LOCAL,/Users/shafisourov/anaconda3/envs/Computer-programming/lib/python3.11/site-packages/ipykernel_launcher.py,chaky,FINISHED,0.139238601169105,0.7525737929557321
2023-09-11 22:29:16,3.1min,a14badbc1b2d4f4db3e69207e51ec70f,method-sto-lr-0.001-reg-Normal,LOCAL,/Users/shafisourov/anaconda3/envs/Computer-programming/lib/python3.11/site-packages/ipykernel_launcher.py,chaky,FINISHED,0.13957731242733815,0.7510235145016515
2023-09-11 22:37:45,2.9min,c04e683a70ad47239466a7f9086c72f0,method-mini-lr-0.01-reg-Normal,LOCAL,/Users/shafisourov/anaconda3/envs/Computer-programming/lib/python3.11/site-packages/ipykernel_launcher.py,chaky,FINISHED,0.13899722602693174,0.7500561114350695
2023-09-11 22:23:49,5.4min,03ef90730126430bb1f7b40bac2d1882,method-sto-lr-0.01-reg-Normal,LOCAL,/Users/shafisourov/anaconda3/envs/Computer-programming/lib/python3.11/site-packages/ipykernel_launcher.py,chaky,FINISHED,0.1395298692856985,0.7474275894070541
2023-09-11 23:30:54,6.0min,3d6ccf9e2e9b43cc8cafe94e9350c166,method-sto-lr-0.01-reg-Normal,LOCAL,/Users/shafisourov/anaconda3/envs/Computer-programming/lib/python3.11/site-packages/ipykernel_launcher.py,chaky,FINISHED,0.1416403075836599,0.7330342168052022
2023-09-11 22:48:54,4.2min,3e33ba6d5d1b4881899ad24f40f36fba,method-mini-lr-0.01-reg-Normal,LOCAL,/Users/shafisourov/anaconda3/envs/Computer-programming/lib/python3.11/site-packages/ipykernel_launcher.py,chaky,FINISHED,0.15493068734273044,0.7165670019645587
2023-09-11 22:40:37,4.1min,757d7baddfc7435c97ddd325935060ba,method-mini-lr-0.001-reg-Normal,LOCAL,/Users/shafisourov/anaconda3/envs/Computer-programming/lib/python3.11/site-packages/ipykernel_launcher.py,chaky,FINISHED,0.15488544498494713,0.7155902825074281
2023-09-12 00:02:24,4.0min,6416f6346b4a43198ead566ad878c22d,method-mini-lr-0.001-reg-Normal,LOCAL,/Users/shafisourov/anaconda3/envs/Computer-programming/lib/python3.11/site-packages/ipykernel_launcher.py,chaky,FINISHED,0.15487053349617402,0.7154706403609423
2023-09-12 00:38:56,4.3min,f71a66690769409f956f6fc09e96ed7b,method-mini-lr-0.01-reg-Normal,LOCAL,/Users/shafisourov/anaconda3/envs/Computer-programming/lib/python3.11/site-packages/ipykernel_launcher.py,chaky,FINISHED,0.1548513753900008,0.7148021566028195
2023-09-11 17:09:43,4.8min,be516536f1104158bfac73a9f4e1b83f,method-sto-lr-0.001-reg-Lasso,LOCAL,/Users/shafisourov/anaconda3/envs/Computer-programming/lib/python3.11/site-packages/ipykernel_launcher.py,chaky,FINISHED,0.20258233180160506,0.4616002421089862
2023-09-11 18:48:04,6.9min,3d144324b831495cb1b921bdf238b7d3,method-sto-lr-0.01-reg-Lasso,LOCAL,/Users/shafisourov/anaconda3/envs/Computer-programming/lib/python3.11/site-packages/ipykernel_launcher.py,chaky,FINISHED,0.20220087425990774,0.4531510507134
2023-09-11 18:33:16,7.3min,ffe9ae9c60cb413c90bd2f5f0dd1966b,method-sto-lr-0.01-reg-Lasso,LOCAL,/Users/shafisourov/anaconda3/envs/Computer-programming/lib/python3.11/site-packages/ipykernel_launcher.py,chaky,FINISHED,0.20690562720767677,0.43415686498628414
2023-09-11 18:40:37,4.9min,dd3669980f96444eadc72fdb86768a34,method-sto-lr-0.001-reg-Lasso,LOCAL,/Users/shafisourov/anaconda3/envs/Computer-programming/lib/python3.11/site-packages/ipykernel_launcher.py,chaky,FINISHED,0.2063574413822638,0.42544794171127087
2023-09-11 19:03:53,3.3min,2e28200f46b14d50affbf39992adbca4,method-mini-lr-0.01-reg-Lasso,LOCAL,/Users/shafisourov/anaconda3/envs/Computer-programming/lib/python3.11/site-packages/ipykernel_launcher.py,chaky,FINISHED,0.20469785546173824,0.42066859648335375
2023-09-11 17:48:37,4.2min,e194d468b8e443dea1e66d208eb523c1,method-mini-lr-0.01-reg-Lasso,LOCAL,/Users/shafisourov/anaconda3/envs/Computer-programming/lib/python3.11/site-packages/ipykernel_launcher.py,chaky,FINISHED,0.204929136448571,0.4188054599493516
2023-09-11 19:15:30,4.7min,2801d6b1a09845f5896b71b954958656,method-mini-lr-0.01-reg-Lasso,LOCAL,/Users/shafisourov/anaconda3/envs/Computer-programming/lib/python3.11/site-packages/ipykernel_launcher.py,chaky,FINISHED,0.20463948752581523,0.4183354563903805
2023-09-11 17:35:18,4.5min,6b3c8716edce4f609973d249d6672c73,method-mini-lr-0.01-reg-Lasso,LOCAL,/Users/shafisourov/anaconda3/envs/Computer-programming/lib/python3.11/site-packages/ipykernel_launcher.py,chaky,FINISHED,0.20504699486060496,0.4169750237517704
2023-09-11 17:14:29,3.4min,4b11a26d9dac4a769a50ec6f17385cc5,method-sto-lr-0.0001-reg-Lasso,LOCAL,/Users/shafisourov/anaconda3/envs/Computer-programming/lib/python3.11/site-packages/ipykernel_launcher.py,chaky,FINISHED,0.20500446452143067,0.41666007589239673
2023-09-11 18:54:57,2.3min,e2cda4402f1a4f058e42d81e686c50a2,method-sto-lr-0.001-reg-Lasso,LOCAL,/Users/shafisourov/anaconda3/envs/Computer-programming/lib/python3.11/site-packages/ipykernel_launcher.py,chaky,FINISHED,0.20503919504435808,0.4165960374214206
2023-09-11 19:07:13,3.5min,68ced094497e45a8845949f08ed3cc78,method-mini-lr-0.001-reg-Lasso,LOCAL,/Users/shafisourov/anaconda3/envs/Computer-programming/lib/python3.11/site-packages/ipykernel_launcher.py,chaky,FINISHED,0.20508073779221994,0.4161800275392019
2023-09-11 17:39:50,4.0min,fb22c4535b264d81898426c5a56951dd,method-mini-lr-0.001-reg-Lasso,LOCAL,/Users/shafisourov/anaconda3/envs/Computer-programming/lib/python3.11/site-packages/ipykernel_launcher.py,chaky,FINISHED,0.20529810943915258,0.4159307944801086
2023-09-11 17:25:17,3.2min,4087955bb18d4bdf9d2596791897ed83,method-sto-lr-0.001-reg-Lasso,LOCAL,/Users/shafisourov/anaconda3/envs/Computer-programming/lib/python3.11/site-packages/ipykernel_launcher.py,chaky,FINISHED,0.20490755740032013,0.4159226828309932
2023-09-11 18:45:33,2.5min,9c2918533302449ea9ae2a11533a2cec,method-sto-lr-0.0001-reg-Lasso,LOCAL,/Users/shafisourov/anaconda3/envs/Computer-programming/lib/python3.11/site-packages/ipykernel_launcher.py,chaky,FINISHED,0.205319066657699,0.4137979293880715
2023-09-11 17:17:51,7.4min,5a85ecbae91a4b5ca1c72e3f1e32305f,method-sto-lr-0.01-reg-Lasso,LOCAL,/Users/shafisourov/anaconda3/envs/Computer-programming/lib/python3.11/site-packages/ipykernel_launcher.py,chaky,FINISHED,0.2062491827696204,0.4096867741454716
2023-09-11 17:02:08,7.6min,3d2ebfe9af7c40b3876087eb473145d3,method-sto-lr-0.01-reg-Lasso,LOCAL,/Users/shafisourov/anaconda3/envs/Computer-programming/lib/python3.11/site-packages/ipykernel_launcher.py,chaky,FINISHED,0.2098480985248158,0.38420081045543175
2023-09-11 23:54:05,5.6min,0a7b170ec895480892a9e91055590c4f,method-sto-lr-0.0001-reg-Normal,LOCAL,/Users/shafisourov/anaconda3/envs/Computer-programming/lib/python3.11/site-packages/ipykernel_launcher.py,chaky,FINISHED,0.8953319608110311,0.131576934941118
2023-09-11 22:32:20,5.4min,e70ba2df306c4966a61f1de669f2bd13,method-sto-lr-0.0001-reg-Normal,LOCAL,/Users/shafisourov/anaconda3/envs/Computer-programming/lib/python3.11/site-packages/ipykernel_launcher.py,chaky,FINISHED,0.8958840137060172,0.13150777789495727
2023-09-11 15:40:28,3.3min,52ede58b0bca406dac6e83c0986ee9d6,method-mini-lr-0.0001-reg-Polynomial,LOCAL,/Users/shafisourov/anaconda3/envs/Computer-programming/lib/python3.11/site-packages/ipykernel_launcher.py,chaky,FINISHED,1.0904716633543525,0.09789216208645257
2023-09-11 16:26:47,3.4min,d722a0e1f00d4bffa737f9f94db6c964,method-mini-lr-0.0001-reg-Polynomial,LOCAL,/Users/shafisourov/anaconda3/envs/Computer-programming/lib/python3.11/site-packages/ipykernel_launcher.py,chaky,FINISHED,1.0896537214274558,0.09774541209297183
2023-09-11 14:08:37,2.2min,ac6c357da658485fb868a206a0cae9c7,method-batch-lr-0.01-reg-Polynomial,LOCAL,/Users/shafisourov/anaconda3/envs/Computer-programming/lib/python3.11/site-packages/ipykernel_launcher.py,chaky,FINISHED,1.4657978546492334,0.026971715515744288
2023-09-11 15:50:48,2.9min,074c5ec2f2244793bbd2854e321ec7aa,method-batch-lr-0.01-reg-Polynomial,LOCAL,/Users/shafisourov/anaconda3/envs/Computer-programming/lib/python3.11/site-packages/ipykernel_launcher.py,chaky,FINISHED,1.4646575754728464,0.02654951422802998
2023-09-11 16:16:38,1.5min,5ce1ef14d0a94dc9a89b0702d439d3a5,method-sto-lr-0.0001-reg-Polynomial,LOCAL,/Users/shafisourov/anaconda3/envs/Computer-programming/lib/python3.11/site-packages/ipykernel_launcher.py,chaky,FINISHED,2.416395898388023e+304,-0.00833948342472568
2023-09-11 15:39:24,1.1min,80d7c66e9c7c47b3b0e9d82889ef9f1b,method-mini-lr-0.001-reg-Polynomial,LOCAL,/Users/shafisourov/anaconda3/envs/Computer-programming/lib/python3.11/site-packages/ipykernel_launcher.py,chaky,FINISHED,7.990929831465795e+303,-0.024344689754583815
2023-09-11 14:30:41,1.1h,f6dc65db0ae3433bb8ea191c7ad80f35,method-sto-lr-0.001-reg-Polynomial,LOCAL,/Users/shafisourov/anaconda3/envs/Computer-programming/lib/python3.11/site-packages/ipykernel_launcher.py,chaky,FINISHED,2.986881851272198e+304,-0.029333533295924807
2023-09-11 16:19:36,1.6min,f7c95d1417fc4b97952147f9da1e18a0,method-sto-lr-0.001-reg-Polynomial,LOCAL,/Users/shafisourov/anaconda3/envs/Computer-programming/lib/python3.11/site-packages/ipykernel_launcher.py,chaky,FINISHED,6.877169690661299e+304,-0.02965510683104955
2023-09-11 16:24:30,1.1min,1f83ceccfd5841388b854c7436c4d3e7,method-mini-lr-0.01-reg-Polynomial,LOCAL,/Users/shafisourov/anaconda3/envs/Computer-programming/lib/python3.11/site-packages/ipykernel_launcher.py,chaky,FINISHED,3.021516343326111e+304,-0.03206554746685608
2023-09-11 15:38:10,1.2min,c528678a1ead4c22b0e1cd5c0fdcb266,method-mini-lr-0.01-reg-Polynomial,LOCAL,/Users/shafisourov/anaconda3/envs/Computer-programming/lib/python3.11/site-packages/ipykernel_launcher.py,chaky,FINISHED,7.295652572464269e+304,-0.03813642988745003
2023-09-11 22:53:04,4.3min,9bb614022cc04f29ae48e02337d7f0ec,method-mini-lr-0.001-reg-Normal,LOCAL,/Users/shafisourov/anaconda3/envs/Computer-programming/lib/python3.11/site-packages/ipykernel_launcher.py,chaky,FINISHED,2.4692538881349897,-0.04357613976937835
2023-09-11 22:44:45,4.1min,be26fc202d6a4b5f829edbcbefc30a57,method-mini-lr-0.0001-reg-Normal,LOCAL,/Users/shafisourov/anaconda3/envs/Computer-programming/lib/python3.11/site-packages/ipykernel_launcher.py,chaky,FINISHED,2.469377829264214,-0.044163712427227386
2023-09-12 00:06:24,32.5min,e7841a5bdd324d92a7aff1114b0b02bd,method-mini-lr-0.0001-reg-Normal,LOCAL,/Users/shafisourov/anaconda3/envs/Computer-programming/lib/python3.11/site-packages/ipykernel_launcher.py,chaky,FINISHED,2.467025762165119,-0.04418124062151274
2023-09-12 00:43:13,4.2min,773c2e74f8564a2487d77c8d2b38b678,method-mini-lr-0.001-reg-Normal,LOCAL,/Users/shafisourov/anaconda3/envs/Computer-programming/lib/python3.11/site-packages/ipykernel_launcher.py,chaky,FINISHED,2.467036389910495,-0.04438659490641128
2023-09-11 15:43:44,1.0min,371fd58f3ee04066bc1dce5ac8e7b776,method-mini-lr-0.01-reg-Polynomial,LOCAL,/Users/shafisourov/anaconda3/envs/Computer-programming/lib/python3.11/site-packages/ipykernel_launcher.py,chaky,FINISHED,1.2070713119043855e+304,-0.05130834821243657
2023-09-11 21:47:02,4.0min,c6af41ed6c504ac8b7a820e3e6d3a0a1,method-batch-lr-0.01-reg-Normal,LOCAL,/Users/shafisourov/anaconda3/envs/Computer-programming/lib/python3.11/site-packages/ipykernel_launcher.py,chaky,FINISHED,2.7512139243250138,-0.05947062907818257
2023-09-11 23:01:35,4.9min,92c1f652571f463586695383746a70aa,method-batch-lr-0.01-reg-Normal,LOCAL,/Users/shafisourov/anaconda3/envs/Computer-programming/lib/python3.11/site-packages/ipykernel_launcher.py,chaky,FINISHED,2.748248496233875,-0.05948647763638992
2023-09-11 17:28:30,6.8min,96698db409224bf9968048a4aa036e97,method-sto-lr-0.0001-reg-Lasso,LOCAL,/Users/shafisourov/anaconda3/envs/Computer-programming/lib/python3.11/site-packages/ipykernel_launcher.py,chaky,FINISHED,0.7732716648415624,-0.10122030328070486
2023-09-11 18:57:13,6.7min,e1d2bf71d9f74adfb2b9c1da592bb6b3,method-sto-lr-0.0001-reg-Lasso,LOCAL,/Users/shafisourov/anaconda3/envs/Computer-programming/lib/python3.11/site-packages/ipykernel_launcher.py,chaky,FINISHED,0.772846035635865,-0.10137215772212183
2023-09-11 16:30:13,58.9s,878fe8535709409287f8145f0f65b233,method-mini-lr-0.01-reg-Polynomial,LOCAL,/Users/shafisourov/anaconda3/envs/Computer-programming/lib/python3.11/site-packages/ipykernel_launcher.py,chaky,FINISHED,5.315756571401685e+304,-0.10154136097446109
2023-09-11 15:34:51,3.3min,dc8a5925ded043c29a4dfef33c0670ec,method-sto-lr-0.0001-reg-Polynomial,LOCAL,/Users/shafisourov/anaconda3/envs/Computer-programming/lib/python3.11/site-packages/ipykernel_launcher.py,chaky,FINISHED,4.44662558094392e+260,-0.11461495433505875
2023-09-11 16:21:14,3.3min,f7479ff5a80b424aab0bf35c227c80b9,method-sto-lr-0.0001-reg-Polynomial,LOCAL,/Users/shafisourov/anaconda3/envs/Computer-programming/lib/python3.11/site-packages/ipykernel_launcher.py,chaky,FINISHED,3.226465939001495e+260,-0.1584249008264791
2023-09-11 17:43:49,4.8min,afde697e983c41499ba3dc49d103eb36,method-mini-lr-0.0001-reg-Lasso,LOCAL,/Users/shafisourov/anaconda3/envs/Computer-programming/lib/python3.11/site-packages/ipykernel_launcher.py,chaky,FINISHED,2.358343755472341,-0.1756502423107118
2023-09-11 19:10:43,4.8min,4373ebdd6cc446eeb9bbf7dae3729c3b,method-mini-lr-0.0001-reg-Lasso,LOCAL,/Users/shafisourov/anaconda3/envs/Computer-programming/lib/python3.11/site-packages/ipykernel_launcher.py,chaky,FINISHED,2.3565981927242796,-0.1757911631010587
2023-09-11 19:20:13,4.2min,c5bc0ab4b29d44a3acc8a65a774e7996,method-mini-lr-0.001-reg-Lasso,LOCAL,/Users/shafisourov/anaconda3/envs/Computer-programming/lib/python3.11/site-packages/ipykernel_launcher.py,chaky,FINISHED,2.3565843432159617,-0.17597348188585005
2023-09-11 17:52:46,7.8min,6033d47e81d848a6ab545b4db3f0f979,method-mini-lr-0.001-reg-Lasso,LOCAL,/Users/shafisourov/anaconda3/envs/Computer-programming/lib/python3.11/site-packages/ipykernel_launcher.py,chaky,FINISHED,2.3584798521961905,-0.176081893397513
2023-09-11 16:36:43,4.2min,718ad1d32d6e4a04a3afcee311bfd234,method-batch-lr-0.01-reg-Lasso,LOCAL,/Users/shafisourov/anaconda3/envs/Computer-programming/lib/python3.11/site-packages/ipykernel_launcher.py,chaky,FINISHED,2.658514055113216,-0.1814416792419007
2023-09-11 18:05:07,4.6min,4c2d1a31ca92438cb2424f8f7e4711d5,method-batch-lr-0.01-reg-Lasso,LOCAL,/Users/shafisourov/anaconda3/envs/Computer-programming/lib/python3.11/site-packages/ipykernel_launcher.py,chaky,FINISHED,2.656271851466079,-0.18153100660226307
2023-09-11 16:31:12,2.0min,a941a7bc0e924df5b9ddeff80d7f6230,method-mini-lr-0.001-reg-Polynomial,LOCAL,/Users/shafisourov/anaconda3/envs/Computer-programming/lib/python3.11/site-packages/ipykernel_launcher.py,chaky,FINISHED,4.8515101229923605,-0.18259610225265144
2023-09-11 15:46:51,4.0min,3ba623772e214fd5b516835c467b50a6,method-mini-lr-0.0001-reg-Polynomial,LOCAL,/Users/shafisourov/anaconda3/envs/Computer-programming/lib/python3.11/site-packages/ipykernel_launcher.py,chaky,FINISHED,8.741966922290125,-0.2915323128923182
2023-09-11 16:33:14,3.5min,8b9d452ff9b744f187ffdef589c84281,method-mini-lr-0.0001-reg-Polynomial,LOCAL,/Users/shafisourov/anaconda3/envs/Computer-programming/lib/python3.11/site-packages/ipykernel_launcher.py,chaky,FINISHED,9.090540726018325,-0.30503380139431324
2023-09-11 15:44:47,2.1min,46fc2ec8dd894cc38bf8defd74660923,method-mini-lr-0.001-reg-Polynomial,LOCAL,/Users/shafisourov/anaconda3/envs/Computer-programming/lib/python3.11/site-packages/ipykernel_launcher.py,chaky,FINISHED,9.62008340482657,-0.33386199338483546
2023-09-11 15:53:44,4.5min,4fe2a3d8371940d8b21ba01905c39fc8,method-batch-lr-0.001-reg-Polynomial,LOCAL,/Users/shafisourov/anaconda3/envs/Computer-programming/lib/python3.11/site-packages/ipykernel_launcher.py,chaky,FINISHED,10.360443973914764,-0.3703128932687094
2023-09-11 14:10:47,3.2min,1cf0ada0d28545e7ab1d4c2c203d31d9,method-batch-lr-0.001-reg-Polynomial,LOCAL,/Users/shafisourov/anaconda3/envs/Computer-programming/lib/python3.11/site-packages/ipykernel_launcher.py,chaky,FINISHED,10.333504434537542,-0.3713514135643001
2023-09-11 16:02:58,2.7min,7ebc11d0d51f44bb9fefd720475d6023,method-batch-lr-0.01-reg-Polynomial,LOCAL,/Users/shafisourov/anaconda3/envs/Computer-programming/lib/python3.11/site-packages/ipykernel_launcher.py,chaky,FINISHED,10.359078377666446,-0.39126749520104975
2023-09-11 14:17:33,3.7min,8994acb7dc004c8daf8f62a55e42d67a,method-batch-lr-0.01-reg-Polynomial,LOCAL,/Users/shafisourov/anaconda3/envs/Computer-programming/lib/python3.11/site-packages/ipykernel_launcher.py,chaky,FINISHED,10.329991998563896,-0.3922205118613149
2023-09-11 20:37:35,2.7min,cc855e22416847e6b62f86b1f0fb17cc,method-mini-lr-0.001-reg-Ridge,LOCAL,/Users/shafisourov/anaconda3/envs/Computer-programming/lib/python3.11/site-packages/ipykernel_launcher.py,chaky,FINISHED,4.843780886281205,-1.1060876909886135
2023-09-11 21:40:36,2.6min,6fbd5ee8d28c4579871a78db6b021197,method-mini-lr-0.001-reg-Ridge,LOCAL,/Users/shafisourov/anaconda3/envs/Computer-programming/lib/python3.11/site-packages/ipykernel_launcher.py,chaky,FINISHED,4.801948026981234,-1.1110335584549853
2023-09-11 19:29:12,4.4min,f7c9a9a4d4354352a8cdcf57886672cb,method-batch-lr-0.01-reg-Ridge,LOCAL,/Users/shafisourov/anaconda3/envs/Computer-programming/lib/python3.11/site-packages/ipykernel_launcher.py,chaky,FINISHED,4.723392915720022,-1.1208681638978168
2023-09-11 20:44:18,3.9min,2e4000e4bad747d98aada63d5583ea1d,method-batch-lr-0.01-reg-Ridge,LOCAL,/Users/shafisourov/anaconda3/envs/Computer-programming/lib/python3.11/site-packages/ipykernel_launcher.py,chaky,FINISHED,4.722179270360794,-1.1212885403235173
2023-09-11 20:31:10,3.7min,93eda5eba73343e280837e282aa8ebb4,method-mini-lr-0.0001-reg-Ridge,LOCAL,/Users/shafisourov/anaconda3/envs/Computer-programming/lib/python3.11/site-packages/ipykernel_launcher.py,chaky,FINISHED,4.617063095794638,-1.1485469218770432
2023-09-11 21:34:38,4.0min,0bc9399bab084f54bd91d3f3319cea55,method-mini-lr-0.0001-reg-Ridge,LOCAL,/Users/shafisourov/anaconda3/envs/Computer-programming/lib/python3.11/site-packages/ipykernel_launcher.py,chaky,FINISHED,4.616344134469666,-1.1488592735625245
2023-09-11 20:14:58,5.8min,8b2c68430b43470cbb8cb82d7ca1725b,method-sto-lr-0.01-reg-Ridge,LOCAL,/Users/shafisourov/anaconda3/envs/Computer-programming/lib/python3.11/site-packages/ipykernel_launcher.py,chaky,FINISHED,4.274288318379577,-1.1787515833402482
2023-09-11 20:23:12,2.8min,22343d954b064eeaa364c8fa7f96069f,method-sto-lr-0.0001-reg-Ridge,LOCAL,/Users/shafisourov/anaconda3/envs/Computer-programming/lib/python3.11/site-packages/ipykernel_launcher.py,chaky,FINISHED,4.472487022278386,-1.1983820041017612
2023-09-11 21:27:28,3.4min,b4efdbc8da7342e183e473aae46a77df,method-sto-lr-0.0001-reg-Ridge,LOCAL,/Users/shafisourov/anaconda3/envs/Computer-programming/lib/python3.11/site-packages/ipykernel_launcher.py,chaky,FINISHED,4.409960287585568,-1.2220534735251443
2023-09-11 21:33:28,1.2min,708fac276e6e4e35b5af9a0e53c71889,method-mini-lr-0.001-reg-Ridge,LOCAL,/Users/shafisourov/anaconda3/envs/Computer-programming/lib/python3.11/site-packages/ipykernel_launcher.py,chaky,FINISHED,4.374951269973071,-1.236417474290545
2023-09-11 20:25:58,4.0min,cff3d659ee914bf8b1720bdb3823e8d8,method-mini-lr-0.01-reg-Ridge,LOCAL,/Users/shafisourov/anaconda3/envs/Computer-programming/lib/python3.11/site-packages/ipykernel_launcher.py,chaky,FINISHED,4.322926889211092,-1.2429506838549327
2023-09-11 20:29:58,1.2min,bf9f35e5e8b8455b80b07064e3a2ad4b,method-mini-lr-0.001-reg-Ridge,LOCAL,/Users/shafisourov/anaconda3/envs/Computer-programming/lib/python3.11/site-packages/ipykernel_launcher.py,chaky,FINISHED,4.356247870263522,-1.243402957683399
2023-09-11 21:38:39,2.0min,f7c41513efa940f8a1addd39e902418b,method-mini-lr-0.01-reg-Ridge,LOCAL,/Users/shafisourov/anaconda3/envs/Computer-programming/lib/python3.11/site-packages/ipykernel_launcher.py,chaky,FINISHED,4.35071925327984,-1.2488450359043632
2023-09-11 20:34:49,2.8min,39a218df87b4471884e21d499408ef8b,method-mini-lr-0.01-reg-Ridge,LOCAL,/Users/shafisourov/anaconda3/envs/Computer-programming/lib/python3.11/site-packages/ipykernel_launcher.py,chaky,FINISHED,4.337734681966242,-1.2494760001333023
2023-09-11 21:25:23,2.1min,275af8ff191447a89bae2f45109fb3d1,method-sto-lr-0.001-reg-Ridge,LOCAL,/Users/shafisourov/anaconda3/envs/Computer-programming/lib/python3.11/site-packages/ipykernel_launcher.py,chaky,FINISHED,4.351836214884707,-1.2538626429879116
2023-09-11 20:10:51,4.1min,e2d9040127a040f5bd87ee74514c9687,method-sto-lr-0.0001-reg-Ridge,LOCAL,/Users/shafisourov/anaconda3/envs/Computer-programming/lib/python3.11/site-packages/ipykernel_launcher.py,chaky,FINISHED,4.346048123774854,-1.2540369372809401
2023-09-11 21:18:21,1.5min,cb1f228156aa4eaabd994c2a1ea3eb76,method-sto-lr-0.0001-reg-Ridge,LOCAL,/Users/shafisourov/anaconda3/envs/Computer-programming/lib/python3.11/site-packages/ipykernel_launcher.py,chaky,FINISHED,4.350800444205979,-1.2544899991293148
2023-09-11 20:20:49,2.4min,c2c74c4cb1984d9383ae56935cb427ad,method-sto-lr-0.001-reg-Ridge,LOCAL,/Users/shafisourov/anaconda3/envs/Computer-programming/lib/python3.11/site-packages/ipykernel_launcher.py,chaky,FINISHED,4.345213925908356,-1.2585807304759182
2023-09-11 21:19:50,5.6min,1f39d908933c48b9888463e092f54755,method-sto-lr-0.01-reg-Ridge,LOCAL,/Users/shafisourov/anaconda3/envs/Computer-programming/lib/python3.11/site-packages/ipykernel_launcher.py,chaky,FINISHED,4.4174517836154985,-1.270228221872033
2023-09-11 21:30:54,2.6min,00d6a4ba03214920a44cd8eb70cac695,method-mini-lr-0.01-reg-Ridge,LOCAL,/Users/shafisourov/anaconda3/envs/Computer-programming/lib/python3.11/site-packages/ipykernel_launcher.py,chaky,FINISHED,4.380331044629542,-1.2735320699350412
2023-09-11 20:05:11,5.7min,aeeade51f4584d5eb06599d7f4ecc781,method-sto-lr-0.001-reg-Ridge,LOCAL,/Users/shafisourov/anaconda3/envs/Computer-programming/lib/python3.11/site-packages/ipykernel_launcher.py,chaky,FINISHED,4.370474431297988,-1.2965279090392778
2023-09-11 21:12:53,5.5min,485fe71bcbb64538ba95d16161b39830,method-sto-lr-0.001-reg-Ridge,LOCAL,/Users/shafisourov/anaconda3/envs/Computer-programming/lib/python3.11/site-packages/ipykernel_launcher.py,chaky,FINISHED,4.369481198622214,-1.322878524860327
2023-09-11 21:07:41,5.2min,408f812e61734744a525e5d811185f5c,method-sto-lr-0.01-reg-Ridge,LOCAL,/Users/shafisourov/anaconda3/envs/Computer-programming/lib/python3.11/site-packages/ipykernel_launcher.py,chaky,FINISHED,4.779282702117325,-1.4912511280351324
2023-09-11 19:58:41,6.5min,993f0deea8784ba2958b1ba19645acfe,method-sto-lr-0.01-reg-Ridge,LOCAL,/Users/shafisourov/anaconda3/envs/Computer-programming/lib/python3.11/site-packages/ipykernel_launcher.py,chaky,FINISHED,5.057052429565117,-1.7166317819950447
2023-09-11 22:57:23,4.2min,6f93e1bca0044ce29c078e6de041203d,method-mini-lr-0.0001-reg-Normal,LOCAL,/Users/shafisourov/anaconda3/envs/Computer-programming/lib/python3.11/site-packages/ipykernel_launcher.py,chaky,FINISHED,18.88432617919738,-9.525567150442079
2023-09-12 00:47:25,4.1min,3c8295c619cb40f395223a17eed65edf,method-mini-lr-0.0001-reg-Normal,LOCAL,/Users/shafisourov/anaconda3/envs/Computer-programming/lib/python3.11/site-packages/ipykernel_launcher.py,chaky,FINISHED,18.969374810892415,-9.571642048984284
2023-09-11 18:00:34,4.5min,a1a052798cc04a9fa8007c92508ee95b,method-mini-lr-0.0001-reg-Lasso,LOCAL,/Users/shafisourov/anaconda3/envs/Computer-programming/lib/python3.11/site-packages/ipykernel_launcher.py,chaky,FINISHED,19.617386801953437,-10.11407441988215
2023-09-11 19:24:27,4.7min,ba06c5d550fe4a99be012a4aad0661be,method-mini-lr-0.0001-reg-Lasso,LOCAL,/Users/shafisourov/anaconda3/envs/Computer-programming/lib/python3.11/site-packages/ipykernel_launcher.py,chaky,FINISHED,19.690717397748138,-10.170219400271431
2023-09-11 20:40:20,4.0min,b9dd1134eb574618a4617050a98606b3,method-mini-lr-0.0001-reg-Ridge,LOCAL,/Users/shafisourov/anaconda3/envs/Computer-programming/lib/python3.11/site-packages/ipykernel_launcher.py,chaky,FINISHED,22.314188234028084,-12.648729570745706
2023-09-11 21:43:15,3.8min,a5a077330d5e4b569a19d0f9ea95cec9,method-mini-lr-0.0001-reg-Ridge,LOCAL,/Users/shafisourov/anaconda3/envs/Computer-programming/lib/python3.11/site-packages/ipykernel_launcher.py,chaky,FINISHED,22.39487717916294,-12.697078207203026
